<?xml version="1.0" encoding="UTF-8"?>
<project-private xmlns="http://www.netbeans.org/ns/project-private/1">
    <editor-bookmarks xmlns="http://www.netbeans.org/ns/editor-bookmarks/2" lastBookmarkId="0"/>
    <open-files xmlns="http://www.netbeans.org/ns/projectui-open-files/2">
        <group>
            <file>file:/C:/xampp/htdocs/animal-facts/src/Exception/InvalidResponseBodyException.php</file>
            <file>file:/C:/xampp/htdocs/animal-facts/views/error/no_view.php</file>
            <file>file:/C:/xampp/htdocs/animal-facts/views/fact/single.php</file>
            <file>file:/C:/xampp/htdocs/animal-facts/src/Model/User.php</file>
            <file>file:/C:/xampp/htdocs/animal-facts/src/View/View.php</file>
            <file>file:/C:/xampp/htdocs/animal-facts/src/Exception/InvalidFactTypeException.php</file>
            <file>file:/C:/xampp/htdocs/animal-facts/src/Model/Status.php</file>
            <file>file:/C:/xampp/htdocs/animal-facts/views/layout.php</file>
            <file>file:/C:/xampp/htdocs/animal-facts/src/Controller/FactController.php</file>
            <file>file:/C:/xampp/htdocs/animal-facts/src/Exception/HttpResponseException.php</file>
            <file>file:/C:/xampp/htdocs/animal-facts/src/Exception/InvalidUserNameException.php</file>
            <file>file:/C:/xampp/htdocs/animal-facts/src/Controller/FactControllerFactory.php</file>
            <file>file:/C:/xampp/htdocs/animal-facts/vendor/composer/ClassLoader.php</file>
            <file>file:/C:/xampp/htdocs/animal-facts/src/Repository/FactRepositoryFactory.php</file>
            <file>file:/C:/xampp/htdocs/animal-facts/index.php</file>
            <file>file:/C:/xampp/htdocs/animal-facts/src/Exception/InvalidCollectionObjectException.php</file>
            <file>file:/C:/xampp/htdocs/animal-facts/src/Repository/FactRepository.php</file>
            <file>file:/C:/xampp/htdocs/animal-facts/src/Model/Fact.php</file>
            <file>file:/C:/xampp/htdocs/animal-facts/src/Model/FactCollection.php</file>
            <file>file:/C:/xampp/htdocs/animal-facts/views/fact/list.php</file>
        </group>
    </open-files>
</project-private>
